team,colour
Arsenal,#EF0107
Aston Villa,#670E36
Bournemouth,#B50E12
Brentford,#E30613
Brighton,#0057B8
Burnley,#6C1D45
Chelsea,#034694
Coventry,#59CBE8
Crystal Palace,#1B458F
Everton,#003399
Fulham,#5A5A5A
Hull,#F5A12D
Ipswich,#3A64A3
Leeds,#FFCD00
Leicester,#003090
Liverpool,#C8102E
Man City,#6CABDD
Man Utd,#DA291C
Newcastle,#4A4A4A
Nott'm Forest,#DD0000
Southampton,#D71920
Spurs,#132257
Sunderland,#EB172B
West Ham,#7A263A
Wolves,#FDB913
Alavés,#1E4A9C
Athletic Club,#EE2523
Atlético Madrid,#CB3524
Barcelona,#A50044
Celta Vigo,#8AC3EE
Deportivo,#0060A8
Elche,#05642C
Espanyol,#1E7FCB
Getafe,#005999
Levante,#B4053F
Málaga,#4E8FCF
Osasuna,#D91A21
Racing Santander,#0B7A3E
Rayo Vallecano,#E53027
Real Betis,#00954C
Real Madrid,#FEBE10
Real Sociedad,#0067B1
Sevilla,#D8231F
Valencia,#EE3524
Villarreal,#FFE667
AC Milan,#FB090B
Atalanta,#1E71B8
Bologna,#A21C26
Cagliari,#B01028
Como,#1B3F8F
Fiorentina,#6A1B9A
Frosinone,#FFD100
Genoa,#A70D2A
Inter,#0068A8
Juventus,#8C8C8C
Lazio,#87D8F7
Lecce,#FFE600
Monza,#E2001A
Napoli,#12A0D7
Parma,#FFD200
Roma,#8E1F2F
Sassuolo,#00A752
Torino,#8A1E03
Udinese,#7F7F7F
Venezia,#F39200
Augsburg,#BA3733
Bayern Munich,#DC052D
Dortmund,#FDE100
Elversberg,#1E1E1E
Frankfurt,#E1000F
Freiburg,#C8102E
Gladbach,#00A650
Hamburg,#0A3F86
Hoffenheim,#1961B5
Köln,#ED1C24
Leverkusen,#E32221
Mainz,#C3141E
Paderborn,#005BA1
RB Leipzig,#DD0741
Schalke 04,#004D9D
Union Berlin,#EB1923
Stuttgart,#E32219
Werder Bremen,#1D9053
Angers,#6E6E6E
Auxerre,#0A4DA2
Brest,#E30613
Le Havre,#6EA8DC
Le Mans,#D52B1E
Lens,#FFD700
Lille,#E01E13
Lorient,#F58220
Lyon,#DA0812
Marseille,#2FAEE0
Monaco,#E51B22
Nice,#C8102E
PSG,#004170
Paris FC,#1E3A8A
Rennes,#E13327
Strasbourg,#009FE3
Toulouse,#5B2A86
Troyes,#0055A4
